{"version":1,"hash":{"type":"Buffer","data":"AWOWRCCQLC04UKUb2BM38NHVj0e+AFarf+obXfevG0zDwe5KU5v1dBqx15LiiMwUKeiefb6O3lYUboguRCX4xfsptkMk8itfvkUd72bZVWU2HZUV5Il2qAn00VtfpyZtBUyT5/9eD8flxcs3/UY6mbVPHysbiI4k7M0CzsS8xTI="},"indexValueMap":{"yEgUzmCJHZdkKKJxdbbWutCAAwcmcgGxO2eiPkJNeAI=":{"valueMac":{"type":"Buffer","data":"8DLCdo2X+B4oSYUoWiZtGegD/LQQM0vKrAeTEkxslBY="}},"V3lfNRtHKxl4F0ebxCOirad8e+RxiY61oeW0V8E7Te4=":{"valueMac":{"type":"Buffer","data":"AisokpPfldevvQ1gw6loqbJz3KEu+0qWlI9qlYOGPgs="}}}}