{"noiseKey":{"private":{"type":"Buffer","data":"gI80sIyehCrW6D1ZudAGLXiRnIzQoqmPUuu4XySlkmo="},"public":{"type":"Buffer","data":"kmbsAG5dZWFjTPANY/ra4SPSrsmzPF076tSnYBHAND0="}},"pairingEphemeralKeyPair":{"private":{"type":"Buffer","data":"EMKfkXVyt29pfZiIkt6kuEf8zDRy8Lr6tWjLWweTwHg="},"public":{"type":"Buffer","data":"ukj2m5+Jtpm1sCznCIGHyMPncER1AGinf0daqjbmr2A="}},"signedIdentityKey":{"private":{"type":"Buffer","data":"iNo0C2nsSUG86kc5mSSVSumYR8Ne1OQY6KX89RRajWg="},"public":{"type":"Buffer","data":"8mCiidIr2dIZPYpTNJenY4mi87fRzLMu1/LUVYJnOwE="}},"signedPreKey":{"keyPair":{"private":{"type":"Buffer","data":"WBX5NXMYZ8aICh6a4mI+gRMaT2jYK+/t8iQQgUg+aWg="},"public":{"type":"Buffer","data":"i3kLqbeZOGGnwWrnGQcXBx4op3BSM5eG/mNpkfdrGgg="}},"signature":{"type":"Buffer","data":"lchSPiZGUKHlLAOYtVk1N0C5KivT9voLUDujEW7/EGW2DYdjSw1edqKFS21igFb1dFraeyK3VrXQJ3pV6SgmCA=="},"keyId":1},"registrationId":21,"advSecretKey":"42DzcNiohtfyvV6/LtxtRGvMS5E1usXR9Qpxr68c9bY=","processedHistoryMessages":[{"key":{"remoteJid":"6285882037263@s.whatsapp.net","fromMe":true,"id":"C23819CAEF47C91DF673DF057E6B3A96"},"messageTimestamp":1734921884},{"key":{"remoteJid":"6285882037263@s.whatsapp.net","fromMe":true,"id":"AA5175401A30FF35B11C22A9D965115A"},"messageTimestamp":1734921884},{"key":{"remoteJid":"6285882037263@s.whatsapp.net","fromMe":true,"id":"6F615DB0232C03254DCEAD974743E594"},"messageTimestamp":1734921886},{"key":{"remoteJid":"6285882037263@s.whatsapp.net","fromMe":true,"id":"835999EF37AD1678D8DEDA0D3DF89603"},"messageTimestamp":1734921886}],"nextPreKeyId":31,"firstUnuploadedPreKeyId":31,"accountSyncCounter":1,"accountSettings":{"unarchiveChats":false},"registered":true,"pairingCode":"DEPKZGQE","me":{"id":"6285882037263:14@s.whatsapp.net","lid":"119189687803995:14@lid","name":"S"},"account":{"details":"CNGkzecEEJado7sGGAEgACgA","accountSignatureKey":"9zfIvuV+RK4bjObpOovPuo2/EV6I0CBSCRSCxkEgAzE=","accountSignature":"F9+zirHlryo7gnP5YadW0b3pBZ89fYLIK5UjwjCvCdjfmFg1qibsF+3QFSpgKhO4LvfOUYv3peYlSUe++r42Dg==","deviceSignature":"dkv3RT2ZBcOLj+oARaStAYOsYYWvhmUEsy92LrJdF6ji8h9EtwQIiKnudT37lnQuuniiSIUS/tQYAf5MpqsNDw=="},"signalIdentities":[{"identifier":{"name":"6285882037263:14@s.whatsapp.net","deviceId":0},"identifierKey":{"type":"Buffer","data":"Bfc3yL7lfkSuG4zm6TqLz7qNvxFeiNAgUgkUgsZBIAMx"}}],"platform":"android","routingInfo":{"type":"Buffer","data":"CAIIDQ=="},"lastAccountSyncTimestamp":1734921881,"lastPropHash":"iEaZ1","myAppStateKeyId":"AAAAAMJn"}