{"_sessions":{"BUcRW5wILQMhZYn/l/0htztKxWiiGWWBBN2/uj4iFspt":{"registrationId":1129842722,"currentRatchet":{"ephemeralKeyPair":{"pubKey":"BcJJdEBLpaI0iZqEVQkR7d1hF9mnZO2yblatb4KJo4Yb","privKey":"uBbjVus+Nl2LTXhIyvn2asxYxUt/yBRi8Gwy1qzkY1c="},"lastRemoteEphemeralKey":"BcJ58UOv+zTCE1jop/O/ExE7MlGZFfZ3Y5koqQMLvE4L","previousCounter":0,"rootKey":"iLC0ARStzRoZzLX1FXbMcXTeJG1ukKXmsVfwtP8q77c="},"indexInfo":{"baseKey":"BUcRW5wILQMhZYn/l/0htztKxWiiGWWBBN2/uj4iFspt","baseKeyType":2,"closed":1734921885816,"used":1734921883322,"created":1734921883322,"remoteIdentityKey":"Bfc3yL7lfkSuG4zm6TqLz7qNvxFeiNAgUgkUgsZBIAMx"},"_chains":{"BcJ58UOv+zTCE1jop/O/ExE7MlGZFfZ3Y5koqQMLvE4L":{"chainKey":{"counter":5,"key":"tnZBO7m9kBXWnmmtTNNVrsAHoHrMl1ogGRF8ey9L9Vc="},"chainType":2,"messageKeys":{}},"BcJJdEBLpaI0iZqEVQkR7d1hF9mnZO2yblatb4KJo4Yb":{"chainKey":{"counter":-1,"key":"FqBDuhLkokTuqRim2e7NhW0CQlkrYMuGPeGvK2DTrIg="},"chainType":1,"messageKeys":{}}}},"BQhLEFVFSMlSuFTJbwPp3jC5oZ6Qy1QEfc/+Gtjg9zAN":{"registrationId":1129842722,"currentRatchet":{"ephemeralKeyPair":{"pubKey":"BRmeGK9oJU+MlxGnIpXz6pl1pbY4bx+lLOb68S4K4XF5","privKey":"sBRg9u0V0HO05kJwQFx25A0NFX+sudxFqAbPUx6jzG0="},"lastRemoteEphemeralKey":"BcnzJQz2pcGQllSwcXw/PfMeb5xkOF/Lz0hsR4GT/cha","previousCounter":0,"rootKey":"gkxvrCAJnS6/hXHdIhus2Aoqs9xL6VyGK0cxm3j+lwA="},"indexInfo":{"baseKey":"BQhLEFVFSMlSuFTJbwPp3jC5oZ6Qy1QEfc/+Gtjg9zAN","baseKeyType":1,"closed":-1,"used":1734921886971,"created":1734921885813,"remoteIdentityKey":"Bfc3yL7lfkSuG4zm6TqLz7qNvxFeiNAgUgkUgsZBIAMx"},"_chains":{"BcnzJQz2pcGQllSwcXw/PfMeb5xkOF/Lz0hsR4GT/cha":{"chainKey":{"counter":1,"key":"ipQkVoBMHa2yezsxh3lYR5MtdGSwgN1yQKFc97vLCaY="},"chainType":2,"messageKeys":{}},"BRmeGK9oJU+MlxGnIpXz6pl1pbY4bx+lLOb68S4K4XF5":{"chainKey":{"counter":-1,"key":"36sHWMjUrP5WXYEtDc1OY5TvtgLIfIg4RlFQXNRuw1s="},"chainType":1,"messageKeys":{}}}}},"version":"v1"}