{"_sessions":{"BS+8ko0vNw0Wao7XQBjjmMWmrm/YFo4IuDfYCGFj22NX":{"registrationId":2695685937,"currentRatchet":{"ephemeralKeyPair":{"pubKey":"BSORu5EqzDyfXdOWILVlzq+fCHPsDDOgi1Hol1ybWUgh","privKey":"UJjWuzIL9fSQFXv0Wkb/NtuahUtAtUOfwuxmc9UvB2I="},"lastRemoteEphemeralKey":"BYAO3VAblh7Z52iV7iZMuAN9a+h8/fAb7fwLYuSx4V1/","previousCounter":0,"rootKey":"fmplKTZ0/MxRpWw3XiNSGr8OQSuK4uLUuKZ6Dxo+oTw="},"indexInfo":{"baseKey":"BS+8ko0vNw0Wao7XQBjjmMWmrm/YFo4IuDfYCGFj22NX","baseKeyType":1,"closed":-1,"used":1734921885812,"created":1734921885812,"remoteIdentityKey":"BalSMfldW69jZMAOmB9WH8GLkdjD5epA1vvVdbeFIeRd"},"_chains":{"BSORu5EqzDyfXdOWILVlzq+fCHPsDDOgi1Hol1ybWUgh":{"chainKey":{"counter":0,"key":"8s5Fd4ilBGb2oRTNrgO9rFJ4fEMRSBeGZf4HYyxgMmM="},"chainType":1,"messageKeys":{}}},"pendingPreKey":{"signedKeyId":13015097,"baseKey":"BS+8ko0vNw0Wao7XQBjjmMWmrm/YFo4IuDfYCGFj22NX"}}},"version":"v1"}